city,lat,lon,date,rainfall
augsburg,48.3690341,10.8979522,2017-05-06,
augsburg,48.3690341,10.8979522,2017-05-07,
augsburg,48.3690341,10.8979522,2017-05-08,
augsburg,48.3690341,10.8979522,2017-05-09,
augsburg,48.3690341,10.8979522,2017-05-10,
augsburg,48.3690341,10.8979522,2017-05-11,
augsburg,48.3690341,10.8979522,2017-05-12,
augsburg,48.3690341,10.8979522,2017-05-13,
augsburg,48.3690341,10.8979522,2017-05-14,
augsburg,48.3690341,10.8979522,2017-05-15,
augsburg,48.3690341,10.8979522,2017-05-16,
augsburg,48.3690341,10.8979522,2017-05-17,
augsburg,48.3690341,10.8979522,2017-05-18,
augsburg,48.3690341,10.8979522,2017-05-19,
augsburg,48.3690341,10.8979522,2017-05-20,
augsburg,48.3690341,10.8979522,2017-05-21,
augsburg,48.3690341,10.8979522,2017-05-22,
augsburg,48.3690341,10.8979522,2017-05-23,
augsburg,48.3690341,10.8979522,2017-05-24,
augsburg,48.3690341,10.8979522,2017-05-25,
basel,47.5581077,7.5878261,2016-10-24,
basel,47.5581077,7.5878261,2016-10-25,
basel,47.5581077,7.5878261,2016-10-26,
basel,47.5581077,7.5878261,2016-10-27,
basel,47.5581077,7.5878261,2016-10-28,
basel,47.5581077,7.5878261,2016-10-29,
basel,47.5581077,7.5878261,2016-10-30,
basel,47.5581077,7.5878261,2016-10-31,
bern,46.9484742,7.4521749,2016-10-24,
bern,46.9484742,7.4521749,2016-10-25,
bern,46.9484742,7.4521749,2016-10-26,
bern,46.9484742,7.4521749,2016-10-27,
bern,46.9484742,7.4521749,2016-10-28,
bern,46.9484742,7.4521749,2016-10-29,
bern,46.9484742,7.4521749,2016-10-30,
bern,46.9484742,7.4521749,2016-10-31,
birmingham,52.4796992,-1.9026911,2017-10-24,
birmingham,52.4796992,-1.9026911,2017-10-26,
birmingham,52.4796992,-1.9026911,2017-10-27,
birmingham,52.4796992,-1.9026911,2017-10-23,
birmingham,52.4796992,-1.9026911,2017-10-25,
birmingham,52.4796992,-1.9026911,2017-10-28,
birmingham,52.4796992,-1.9026911,2017-11-13,
birmingham,52.4796992,-1.9026911,2017-11-14,
birmingham,52.4796992,-1.9026911,2017-11-15,
birmingham,52.4796992,-1.9026911,2017-11-16,
birmingham,52.4796992,-1.9026911,2017-11-17,
birmingham,52.4796992,-1.9026911,2017-11-18,
bolton,53.5782863,-2.4300367,2017-11-13,
bolton,53.5782863,-2.4300367,2017-11-14,
bolton,53.5782863,-2.4300367,2017-11-15,
bolton,53.5782863,-2.4300367,2017-11-16,
bolton,53.5782863,-2.4300367,2017-11-17,
bolton,53.5782863,-2.4300367,2017-11-18,
bordeaux,44.841225,-0.5800364,2016-11-21,
bordeaux,44.841225,-0.5800364,2016-11-22,
bordeaux,44.841225,-0.5800364,2016-11-23,
bordeaux,44.841225,-0.5800364,2016-11-24,
bordeaux,44.841225,-0.5800364,2016-11-25,
bordeaux,44.841225,-0.5800364,2016-11-26,
bordeaux,44.841225,-0.5800364,2016-11-27,
bremen,53.0758196,8.8071646,2016-09-19,
bremen,53.0758196,8.8071646,2016-09-20,
bremen,53.0758196,8.8071646,2016-09-21,
bremen,53.0758196,8.8071646,2016-09-22,
bremen,53.0758196,8.8071646,2016-09-23,
bremen,53.0758196,8.8071646,2016-09-24,
bremen,53.0758196,8.8071646,2016-09-25,
bremen,53.0758196,8.8071646,2016-09-26,
bremen,53.0758196,8.8071646,2016-09-27,
bremen,53.0758196,8.8071646,2016-09-28,
bremen,53.0758196,8.8071646,2016-09-29,
bremen,53.0758196,8.8071646,2016-09-30,
bremen,53.0758196,8.8071646,2016-10-01,
bremen,53.0758196,8.8071646,2016-10-02,
cagliari,39.2171994,9.113311,2016-05-30,
cagliari,39.2171994,9.113311,2016-05-31,
cagliari,39.2171994,9.113311,2016-06-01,
cagliari,39.2171994,9.113311,2016-06-02,
cagliari,39.2171994,9.113311,2016-06-03,
cagliari,39.2171994,9.113311,2016-06-27,
cagliari,39.2171994,9.113311,2016-06-28,
cagliari,39.2171994,9.113311,2016-06-29,
cagliari,39.2171994,9.113311,2016-06-30,
cagliari,39.2171994,9.113311,2016-07-01,
cagliari,39.2171994,9.113311,2016-07-25,
cagliari,39.2171994,9.113311,2016-07-26,
cagliari,39.2171994,9.113311,2016-07-27,
cagliari,39.2171994,9.113311,2016-07-28,
cagliari,39.2171994,9.113311,2016-07-29,
cagliari,39.2171994,9.113311,2016-05-23,
cagliari,39.2171994,9.113311,2016-05-24,
cagliari,39.2171994,9.113311,2016-05-25,
cagliari,39.2171994,9.113311,2016-05-26,
cagliari,39.2171994,9.113311,2016-05-27,
cagliari,39.2171994,9.113311,2016-06-20,
cagliari,39.2171994,9.113311,2016-06-21,
cagliari,39.2171994,9.113311,2016-06-22,
cagliari,39.2171994,9.113311,2016-06-23,
cagliari,39.2171994,9.113311,2016-06-24,
cagliari,39.2171994,9.113311,2016-07-18,
cagliari,39.2171994,9.113311,2016-07-19,
cagliari,39.2171994,9.113311,2016-07-20,
cagliari,39.2171994,9.113311,2016-07-21,
cagliari,39.2171994,9.113311,2016-07-22,
cagliari,39.2171994,9.113311,2016-05-16,
cagliari,39.2171994,9.113311,2016-05-17,
cagliari,39.2171994,9.113311,2016-05-18,
cagliari,39.2171994,9.113311,2016-05-19,
cagliari,39.2171994,9.113311,2016-05-20,
cagliari,39.2171994,9.113311,2016-06-13,
cagliari,39.2171994,9.113311,2016-06-14,
cagliari,39.2171994,9.113311,2016-06-15,
cagliari,39.2171994,9.113311,2016-06-16,
cagliari,39.2171994,9.113311,2016-06-17,
cagliari,39.2171994,9.113311,2016-07-11,
cagliari,39.2171994,9.113311,2016-07-12,
cagliari,39.2171994,9.113311,2016-07-13,
cagliari,39.2171994,9.113311,2016-07-14,
cagliari,39.2171994,9.113311,2016-07-15,
cagliari,39.2171994,9.113311,2016-07-04,
cagliari,39.2171994,9.113311,2016-07-05,
cagliari,39.2171994,9.113311,2016-07-06,
cagliari,39.2171994,9.113311,2016-07-07,
cagliari,39.2171994,9.113311,2016-07-08,
constance,47.659216,9.1750718,2017-02-13,
constance,47.659216,9.1750718,2017-02-14,
constance,47.659216,9.1750718,2017-02-15,
constance,47.659216,9.1750718,2017-02-16,
constance,47.659216,9.1750718,2017-02-17,
constance,47.659216,9.1750718,2017-02-18,
constance,47.659216,9.1750718,2017-02-19,
darmstadt,49.8851869,8.6736295,2015-10-05,
darmstadt,49.8851869,8.6736295,2015-10-06,
darmstadt,49.8851869,8.6736295,2015-10-07,
darmstadt,49.8851869,8.6736295,2015-10-08,
darmstadt,49.8851869,8.6736295,2015-10-09,
darmstadt,49.8851869,8.6736295,2015-10-12,
darmstadt,49.8851869,8.6736295,2015-10-13,
darmstadt,49.8851869,8.6736295,2015-10-14,
darmstadt,49.8851869,8.6736295,2015-10-15,
darmstadt,49.8851869,8.6736295,2015-10-16,
darmstadt,49.8851869,8.6736295,2015-09-21,
darmstadt,49.8851869,8.6736295,2015-09-22,
darmstadt,49.8851869,8.6736295,2015-09-23,
darmstadt,49.8851869,8.6736295,2015-09-24,
darmstadt,49.8851869,8.6736295,2015-09-25,
darmstadt,49.8851869,8.6736295,2015-10-01,
darmstadt,49.8851869,8.6736295,2015-10-02,
darmstadt,49.8851869,8.6736295,2015-09-28,
darmstadt,49.8851869,8.6736295,2015-09-29,
darmstadt,49.8851869,8.6736295,2015-09-30,
darmstadt,49.8851869,8.6736295,2016-05-02,
darmstadt,49.8851869,8.6736295,2016-05-03,
darmstadt,49.8851869,8.6736295,2016-05-04,
darmstadt,49.8851869,8.6736295,2016-05-06,
darmstadt,49.8851869,8.6736295,2016-04-11,
darmstadt,49.8851869,8.6736295,2016-04-12,
darmstadt,49.8851869,8.6736295,2016-04-13,
darmstadt,49.8851869,8.6736295,2016-04-14,
darmstadt,49.8851869,8.6736295,2016-04-15,
darmstadt,49.8851869,8.6736295,2016-04-18,
darmstadt,49.8851869,8.6736295,2016-04-19,
darmstadt,49.8851869,8.6736295,2016-04-20,
darmstadt,49.8851869,8.6736295,2016-04-21,
darmstadt,49.8851869,8.6736295,2016-04-22,
darmstadt,49.8851869,8.6736295,2016-04-25,
darmstadt,49.8851869,8.6736295,2016-04-26,
darmstadt,49.8851869,8.6736295,2016-04-27,
darmstadt,49.8851869,8.6736295,2016-04-28,
darmstadt,49.8851869,8.6736295,2016-04-29,
essen,51.4582235,7.0158171,2017-03-27,
essen,51.4582235,7.0158171,2017-03-28,
essen,51.4582235,7.0158171,2017-03-29,
essen,51.4582235,7.0158171,2017-03-30,
essen,51.4582235,7.0158171,2017-03-31,
essen,51.4582235,7.0158171,2017-09-01,
essen,51.4582235,7.0158171,2017-09-02,
essen,51.4582235,7.0158171,2017-09-03,
essen,51.4582235,7.0158171,2017-09-04,
essen,51.4582235,7.0158171,2017-09-05,
essen,51.4582235,7.0158171,2017-09-06,
essen,51.4582235,7.0158171,2017-09-07,
essen,51.4582235,7.0158171,2017-09-08,
essen,51.4582235,7.0158171,2017-09-09,
essen,51.4582235,7.0158171,2017-09-10,
essen,51.4582235,7.0158171,2017-09-11,
essen,51.4582235,7.0158171,2017-09-12,
essen,51.4582235,7.0158171,2017-09-13,
essen,51.4582235,7.0158171,2017-09-14,
essen,51.4582235,7.0158171,2017-09-15,
essen,51.4582235,7.0158171,2017-09-16,
essen,51.4582235,7.0158171,2017-09-17,
essen,51.4582235,7.0158171,2017-09-18,
essen,51.4582235,7.0158171,2017-09-19,
essen,51.4582235,7.0158171,2017-09-20,
essen,51.4582235,7.0158171,2017-09-21,
essen,51.4582235,7.0158171,2017-09-22,
essen,51.4582235,7.0158171,2017-09-23,
essen,51.4582235,7.0158171,2017-09-24,
essen,51.4582235,7.0158171,2017-09-25,
essen,51.4582235,7.0158171,2017-09-26,
essen,51.4582235,7.0158171,2017-09-27,
essen,51.4582235,7.0158171,2017-09-28,
essen,51.4582235,7.0158171,2017-09-29,
essen,51.4582235,7.0158171,2017-09-30,
frankfurt,50.1106444,8.6820917,2016-12-21,
graz,47.0708678,15.4382786,2016-04-04,
graz,47.0708678,15.4382786,2016-04-05,
graz,47.0708678,15.4382786,2016-04-06,
graz,47.0708678,15.4382786,2016-04-07,
graz,47.0708678,15.4382786,2016-04-08,
graz,47.0708678,15.4382786,2016-09-19,
graz,47.0708678,15.4382786,2016-09-20,
graz,47.0708678,15.4382786,2016-09-21,
graz,47.0708678,15.4382786,2016-09-22,
graz,47.0708678,15.4382786,2016-09-23,
groningen,53.2190652,6.5680077,2017-09-21,
groningen,53.2190652,6.5680077,2017-10-06,
hamburg,53.550341,10.000654,2016-08-27,
hamburg,53.550341,10.000654,2016-08-28,
hamburg,53.550341,10.000654,2016-08-29,
hamburg,53.550341,10.000654,2016-08-30,
hamburg,53.550341,10.000654,2016-08-31,
hamburg,53.550341,10.000654,2016-09-01,
hamburg,53.550341,10.000654,2016-09-02,
hamburg,53.550341,10.000654,2016-09-03,
hamburg,53.550341,10.000654,2016-09-04,
hamburg,53.550341,10.000654,2016-09-05,
hamburg,53.550341,10.000654,2016-09-06,
hamburg,53.550341,10.000654,2016-09-07,
hamburg,53.550341,10.000654,2016-09-08,
hamburg,53.550341,10.000654,2016-09-09,
hamburg,53.550341,10.000654,2016-09-10,
hamburg,53.550341,10.000654,2016-09-11,
hamburg,53.550341,10.000654,2016-09-12,
hamburg,53.550341,10.000654,2016-09-13,
hamburg,53.550341,10.000654,2016-09-14,
hamburg,53.550341,10.000654,2016-09-15,
hamburg,53.550341,10.000654,2016-09-16,
hamburg,53.550341,10.000654,2016-09-17,
hamburg,53.550341,10.000654,2016-09-18,
hamburg,53.550341,10.000654,2016-09-19,
hamburg,53.550341,10.000654,2016-09-20,
hamburg,53.550341,10.000654,2016-09-21,
hamburg,53.550341,10.000654,2016-09-22,
hamburg,53.550341,10.000654,2016-09-23,
hamburg,53.550341,10.000654,2016-09-24,
hamburg,53.550341,10.000654,2016-09-25,
hamburg,53.550341,10.000654,2016-09-26,
hamburg,53.550341,10.000654,2016-09-27,
hamburg,53.550341,10.000654,2016-09-28,
hamburg,53.550341,10.000654,2016-09-29,
hamburg,53.550341,10.000654,2016-09-30,
hamburg,53.550341,10.000654,2016-10-01,
hamburg,53.550341,10.000654,2016-10-02,
hamburg,53.550341,10.000654,2016-10-03,
hamburg,53.550341,10.000654,2016-10-04,
hamburg,53.550341,10.000654,2016-10-05,
hamburg,53.550341,10.000654,2016-10-06,
hamburg,53.550341,10.000654,2016-10-07,
hamburg,53.550341,10.000654,2016-10-08,
hamburg,53.550341,10.000654,2016-10-09,
hamburg,53.550341,10.000654,2016-10-10,
hamburg,53.550341,10.000654,2016-10-11,
hamburg,53.550341,10.000654,2016-10-12,
hamburg,53.550341,10.000654,2016-10-13,
hamburg,53.550341,10.000654,2016-10-14,
hamburg,53.550341,10.000654,2016-10-15,
hamburg,53.550341,10.000654,2016-10-16,
hamburg,53.550341,10.000654,2016-10-17,
hamburg,53.550341,10.000654,2016-10-18,
hamburg,53.550341,10.000654,2016-10-19,
hamburg,53.550341,10.000654,2016-10-20,
hamburg,53.550341,10.000654,2016-10-21,
hamburg,53.550341,10.000654,2016-10-22,
hamburg,53.550341,10.000654,2016-10-23,
hamburg,53.550341,10.000654,2016-10-24,
hamburg,53.550341,10.000654,2016-10-25,
hamburg,53.550341,10.000654,2016-10-26,
hamburg,53.550341,10.000654,2016-10-27,
hamburg,53.550341,10.000654,2016-10-28,
hamburg,53.550341,10.000654,2016-10-29,
hamburg,53.550341,10.000654,2016-10-30,
hamburg,53.550341,10.000654,2016-10-31,
hamburg,53.550341,10.000654,2016-11-01,
hamburg,53.550341,10.000654,2016-11-02,
hamburg,53.550341,10.000654,2016-11-03,
hamburg,53.550341,10.000654,2016-11-04,
hamburg,53.550341,10.000654,2016-11-05,
hamburg,53.550341,10.000654,2016-11-06,
hamburg,53.550341,10.000654,2016-11-07,
hamburg,53.550341,10.000654,2016-11-08,
hamburg,53.550341,10.000654,2016-11-09,
hamburg,53.550341,10.000654,2016-11-10,
hamburg,53.550341,10.000654,2016-11-11,
hamburg,53.550341,10.000654,2016-11-12,
hamburg,53.550341,10.000654,2016-11-13,
hamburg,53.550341,10.000654,2016-11-14,
hamburg,53.550341,10.000654,2016-11-15,
hamburg,53.550341,10.000654,2016-11-16,
hamburg,53.550341,10.000654,2016-11-17,
hamburg,53.550341,10.000654,2016-11-18,
hamburg,53.550341,10.000654,2016-11-19,
hamburg,53.550341,10.000654,2016-11-20,
hamburg,53.550341,10.000654,2016-11-21,
hamburg,53.550341,10.000654,2016-11-22,
hamburg,53.550341,10.000654,2016-11-23,
hamburg,53.550341,10.000654,2016-11-24,
hamburg,53.550341,10.000654,2016-11-25,
hamburg,53.550341,10.000654,2016-11-26,
hamburg,53.550341,10.000654,2016-11-27,
hamburg,53.550341,10.000654,2016-11-28,
hamburg,53.550341,10.000654,2016-11-29,
hamburg,53.550341,10.000654,2016-11-30,
hamburg,53.550341,10.000654,2016-12-01,
hamburg,53.550341,10.000654,2016-12-02,
hamburg,53.550341,10.000654,2016-12-03,
hamburg,53.550341,10.000654,2016-12-04,
hamburg,53.550341,10.000654,2016-12-05,
hamburg,53.550341,10.000654,2016-12-06,
hamburg,53.550341,10.000654,2016-12-07,
hamburg,53.550341,10.000654,2016-12-08,
hamburg,53.550341,10.000654,2016-12-09,
innsbruck,47.2654296,11.3927685,2017-04-01,
innsbruck,47.2654296,11.3927685,2017-04-02,
innsbruck,47.2654296,11.3927685,2017-04-03,
innsbruck,47.2654296,11.3927685,2017-04-04,
innsbruck,47.2654296,11.3927685,2017-04-05,
innsbruck,47.2654296,11.3927685,2017-04-06,
innsbruck,47.2654296,11.3927685,2017-04-07,
innsbruck,47.2654296,11.3927685,2017-04-08,
innsbruck,47.2654296,11.3927685,2017-04-09,
innsbruck,47.2654296,11.3927685,2017-04-10,
innsbruck,47.2654296,11.3927685,2017-04-11,
innsbruck,47.2654296,11.3927685,2017-04-12,
innsbruck,47.2654296,11.3927685,2017-04-13,
innsbruck,47.2654296,11.3927685,2017-04-14,
innsbruck,47.2654296,11.3927685,2017-04-15,
innsbruck,47.2654296,11.3927685,2017-04-16,
innsbruck,47.2654296,11.3927685,2017-04-17,
innsbruck,47.2654296,11.3927685,2017-04-18,
innsbruck,47.2654296,11.3927685,2017-04-19,
innsbruck,47.2654296,11.3927685,2017-04-20,
innsbruck,47.2654296,11.3927685,2017-04-21,
innsbruck,47.2654296,11.3927685,2017-04-22,
innsbruck,47.2654296,11.3927685,2017-04-23,
innsbruck,47.2654296,11.3927685,2017-04-24,
innsbruck,47.2654296,11.3927685,2017-04-25,
innsbruck,47.2654296,11.3927685,2017-04-26,
innsbruck,47.2654296,11.3927685,2017-04-27,
innsbruck,47.2654296,11.3927685,2017-04-28,
innsbruck,47.2654296,11.3927685,2017-04-29,
innsbruck,47.2654296,11.3927685,2017-04-30,
kassel,51.3154546,9.4924096,2016-08-29,
kassel,51.3154546,9.4924096,2016-08-30,
kassel,51.3154546,9.4924096,2016-08-31,
kassel,51.3154546,9.4924096,2016-09-01,
kassel,51.3154546,9.4924096,2016-09-02,
kassel,51.3154546,9.4924096,2016-08-28,
london,51.5074456,-0.1277653,2015-05-16,
london,51.5074456,-0.1277653,2015-05-15,
london,51.5074456,-0.1277653,2015-05-17,
london,51.5074456,-0.1277653,2015-05-18,
london,51.5074456,-0.1277653,2015-05-19,
london,51.5074456,-0.1277653,2015-05-20,
london,51.5074456,-0.1277653,2015-05-21,
london,51.5074456,-0.1277653,2015-05-22,
london,51.5074456,-0.1277653,2015-05-23,
london,51.5074456,-0.1277653,2015-10-01,
london,51.5074456,-0.1277653,2015-09-25,
london,51.5074456,-0.1277653,2015-09-26,
london,51.5074456,-0.1277653,2015-09-27,
london,51.5074456,-0.1277653,2015-09-28,
london,51.5074456,-0.1277653,2015-09-29,
london,51.5074456,-0.1277653,2015-09-30,
london,51.5074456,-0.1277653,2016-05-16,
london,51.5074456,-0.1277653,2016-05-17,
london,51.5074456,-0.1277653,2016-05-18,
london,51.5074456,-0.1277653,2016-05-19,
london,51.5074456,-0.1277653,2016-05-20,
london,51.5074456,-0.1277653,2016-05-21,
london,51.5074456,-0.1277653,2016-05-22,
losangeles,-8.4569081,-77.2970344,2017-10-02,
losangeles,-8.4569081,-77.2970344,2017-10-03,
losangeles,-8.4569081,-77.2970344,2017-10-04,
losangeles,-8.4569081,-77.2970344,2017-10-06,
losangeles,-8.4569081,-77.2970344,2017-10-09,
losangeles,-8.4569081,-77.2970344,2017-10-10,
luzern,47.0505452,8.3054682,2015-01-01,
luzern,47.0505452,8.3054682,2015-01-02,
luzern,47.0505452,8.3054682,2015-01-03,
luzern,47.0505452,8.3054682,2015-01-04,
luzern,47.0505452,8.3054682,2015-01-05,
luzern,47.0505452,8.3054682,2015-01-06,
luzern,47.0505452,8.3054682,2015-01-07,
luzern,47.0505452,8.3054682,2015-01-08,
luzern,47.0505452,8.3054682,2015-01-09,
luzern,47.0505452,8.3054682,2015-01-10,
luzern,47.0505452,8.3054682,2015-01-11,
luzern,47.0505452,8.3054682,2015-01-12,
luzern,47.0505452,8.3054682,2015-01-13,
luzern,47.0505452,8.3054682,2015-01-14,
luzern,47.0505452,8.3054682,2015-01-15,
luzern,47.0505452,8.3054682,2015-01-16,
luzern,47.0505452,8.3054682,2015-01-17,
luzern,47.0505452,8.3054682,2015-01-18,
luzern,47.0505452,8.3054682,2015-01-19,
luzern,47.0505452,8.3054682,2015-01-20,
luzern,47.0505452,8.3054682,2015-01-21,
luzern,47.0505452,8.3054682,2015-01-22,
luzern,47.0505452,8.3054682,2015-01-23,
luzern,47.0505452,8.3054682,2015-01-24,
luzern,47.0505452,8.3054682,2015-01-25,
luzern,47.0505452,8.3054682,2015-01-26,
luzern,47.0505452,8.3054682,2015-01-27,
luzern,47.0505452,8.3054682,2015-01-28,
luzern,47.0505452,8.3054682,2015-01-29,
luzern,47.0505452,8.3054682,2015-01-30,
luzern,47.0505452,8.3054682,2015-01-31,
luzern,47.0505452,8.3054682,2015-02-01,
luzern,47.0505452,8.3054682,2015-02-02,
luzern,47.0505452,8.3054682,2015-02-03,
luzern,47.0505452,8.3054682,2015-02-04,
luzern,47.0505452,8.3054682,2015-02-05,
luzern,47.0505452,8.3054682,2015-02-06,
luzern,47.0505452,8.3054682,2015-02-07,
luzern,47.0505452,8.3054682,2015-02-08,
luzern,47.0505452,8.3054682,2015-02-09,
luzern,47.0505452,8.3054682,2015-02-10,
luzern,47.0505452,8.3054682,2015-02-11,
luzern,47.0505452,8.3054682,2015-02-12,
luzern,47.0505452,8.3054682,2015-02-13,
luzern,47.0505452,8.3054682,2015-02-14,
luzern,47.0505452,8.3054682,2015-02-15,
luzern,47.0505452,8.3054682,2015-02-16,
luzern,47.0505452,8.3054682,2015-02-17,
luzern,47.0505452,8.3054682,2015-02-18,
luzern,47.0505452,8.3054682,2015-02-19,
luzern,47.0505452,8.3054682,2015-02-20,
luzern,47.0505452,8.3054682,2015-02-21,
luzern,47.0505452,8.3054682,2015-02-22,
luzern,47.0505452,8.3054682,2015-02-23,
luzern,47.0505452,8.3054682,2015-02-24,
luzern,47.0505452,8.3054682,2015-02-25,
luzern,47.0505452,8.3054682,2015-02-26,
luzern,47.0505452,8.3054682,2015-02-27,
luzern,47.0505452,8.3054682,2015-02-28,
luzern,47.0505452,8.3054682,2015-03-01,
luzern,47.0505452,8.3054682,2015-03-02,
luzern,47.0505452,8.3054682,2015-03-03,
luzern,47.0505452,8.3054682,2015-03-04,
luzern,47.0505452,8.3054682,2015-03-05,
luzern,47.0505452,8.3054682,2015-03-06,
luzern,47.0505452,8.3054682,2015-03-07,
luzern,47.0505452,8.3054682,2015-03-08,
luzern,47.0505452,8.3054682,2015-03-09,
luzern,47.0505452,8.3054682,2015-03-10,
luzern,47.0505452,8.3054682,2015-03-11,
luzern,47.0505452,8.3054682,2015-03-12,
luzern,47.0505452,8.3054682,2015-03-13,
luzern,47.0505452,8.3054682,2015-03-14,
luzern,47.0505452,8.3054682,2015-03-15,
luzern,47.0505452,8.3054682,2015-03-16,
luzern,47.0505452,8.3054682,2015-03-17,
luzern,47.0505452,8.3054682,2015-03-18,
luzern,47.0505452,8.3054682,2015-03-19,
luzern,47.0505452,8.3054682,2015-03-20,
luzern,47.0505452,8.3054682,2015-03-21,
luzern,47.0505452,8.3054682,2015-03-22,
luzern,47.0505452,8.3054682,2015-03-23,
luzern,47.0505452,8.3054682,2015-03-24,
luzern,47.0505452,8.3054682,2015-03-25,
luzern,47.0505452,8.3054682,2015-03-26,
luzern,47.0505452,8.3054682,2015-03-27,
luzern,47.0505452,8.3054682,2015-03-28,
luzern,47.0505452,8.3054682,2015-03-29,
luzern,47.0505452,8.3054682,2015-03-30,
luzern,47.0505452,8.3054682,2015-03-31,
luzern,47.0505452,8.3054682,2015-04-01,
luzern,47.0505452,8.3054682,2015-04-02,
luzern,47.0505452,8.3054682,2015-04-03,
luzern,47.0505452,8.3054682,2015-04-04,
luzern,47.0505452,8.3054682,2015-04-05,
luzern,47.0505452,8.3054682,2015-04-06,
luzern,47.0505452,8.3054682,2015-04-07,
luzern,47.0505452,8.3054682,2015-04-08,
luzern,47.0505452,8.3054682,2015-04-09,
luzern,47.0505452,8.3054682,2015-04-10,
luzern,47.0505452,8.3054682,2015-04-11,
luzern,47.0505452,8.3054682,2015-04-12,
luzern,47.0505452,8.3054682,2015-04-13,
luzern,47.0505452,8.3054682,2015-04-14,
luzern,47.0505452,8.3054682,2015-04-15,
luzern,47.0505452,8.3054682,2015-04-16,
luzern,47.0505452,8.3054682,2015-04-17,
luzern,47.0505452,8.3054682,2015-04-18,
luzern,47.0505452,8.3054682,2015-04-19,
luzern,47.0505452,8.3054682,2015-04-20,
luzern,47.0505452,8.3054682,2015-04-21,
luzern,47.0505452,8.3054682,2015-04-22,
luzern,47.0505452,8.3054682,2015-04-23,
luzern,47.0505452,8.3054682,2015-04-24,
luzern,47.0505452,8.3054682,2015-04-25,
luzern,47.0505452,8.3054682,2015-04-26,
luzern,47.0505452,8.3054682,2015-04-27,
luzern,47.0505452,8.3054682,2015-04-28,
luzern,47.0505452,8.3054682,2015-04-29,
luzern,47.0505452,8.3054682,2015-04-30,
luzern,47.0505452,8.3054682,2015-05-01,
luzern,47.0505452,8.3054682,2015-05-02,
luzern,47.0505452,8.3054682,2015-05-03,
luzern,47.0505452,8.3054682,2015-05-04,
luzern,47.0505452,8.3054682,2015-05-05,
luzern,47.0505452,8.3054682,2015-05-06,
luzern,47.0505452,8.3054682,2015-05-07,
luzern,47.0505452,8.3054682,2015-05-08,
luzern,47.0505452,8.3054682,2015-05-09,
luzern,47.0505452,8.3054682,2015-05-10,
luzern,47.0505452,8.3054682,2015-05-11,
luzern,47.0505452,8.3054682,2015-05-12,
luzern,47.0505452,8.3054682,2015-05-13,
luzern,47.0505452,8.3054682,2015-05-14,
luzern,47.0505452,8.3054682,2015-05-15,
luzern,47.0505452,8.3054682,2015-05-16,
luzern,47.0505452,8.3054682,2015-05-17,
luzern,47.0505452,8.3054682,2015-05-18,
luzern,47.0505452,8.3054682,2015-05-19,
luzern,47.0505452,8.3054682,2015-05-20,
luzern,47.0505452,8.3054682,2015-05-21,
luzern,47.0505452,8.3054682,2015-05-22,
luzern,47.0505452,8.3054682,2015-05-23,
luzern,47.0505452,8.3054682,2015-05-24,
luzern,47.0505452,8.3054682,2015-05-25,
luzern,47.0505452,8.3054682,2015-05-26,
luzern,47.0505452,8.3054682,2015-05-27,
luzern,47.0505452,8.3054682,2015-05-28,
luzern,47.0505452,8.3054682,2015-05-29,
luzern,47.0505452,8.3054682,2015-05-30,
luzern,47.0505452,8.3054682,2015-05-31,
luzern,47.0505452,8.3054682,2015-06-01,
luzern,47.0505452,8.3054682,2015-06-02,
luzern,47.0505452,8.3054682,2015-06-03,
luzern,47.0505452,8.3054682,2015-06-04,
luzern,47.0505452,8.3054682,2015-06-05,
luzern,47.0505452,8.3054682,2015-06-06,
luzern,47.0505452,8.3054682,2015-06-07,
luzern,47.0505452,8.3054682,2015-06-08,
luzern,47.0505452,8.3054682,2015-06-09,
luzern,47.0505452,8.3054682,2015-06-10,
luzern,47.0505452,8.3054682,2015-06-11,
luzern,47.0505452,8.3054682,2015-06-12,
luzern,47.0505452,8.3054682,2015-06-13,
luzern,47.0505452,8.3054682,2015-06-14,
luzern,47.0505452,8.3054682,2015-06-15,
luzern,47.0505452,8.3054682,2015-06-16,
luzern,47.0505452,8.3054682,2015-06-17,
luzern,47.0505452,8.3054682,2015-06-18,
luzern,47.0505452,8.3054682,2015-06-19,
luzern,47.0505452,8.3054682,2015-06-20,
luzern,47.0505452,8.3054682,2015-06-21,
luzern,47.0505452,8.3054682,2015-06-22,
luzern,47.0505452,8.3054682,2015-06-23,
luzern,47.0505452,8.3054682,2015-06-24,
luzern,47.0505452,8.3054682,2015-06-25,
luzern,47.0505452,8.3054682,2015-06-26,
luzern,47.0505452,8.3054682,2015-06-27,
luzern,47.0505452,8.3054682,2015-06-28,
luzern,47.0505452,8.3054682,2015-06-29,
luzern,47.0505452,8.3054682,2015-06-30,
luzern,47.0505452,8.3054682,2015-07-01,
luzern,47.0505452,8.3054682,2015-07-02,
luzern,47.0505452,8.3054682,2015-07-03,
luzern,47.0505452,8.3054682,2015-07-04,
luzern,47.0505452,8.3054682,2015-07-05,
luzern,47.0505452,8.3054682,2015-07-06,
luzern,47.0505452,8.3054682,2015-07-07,
luzern,47.0505452,8.3054682,2015-07-08,
luzern,47.0505452,8.3054682,2015-07-09,
luzern,47.0505452,8.3054682,2015-07-10,
luzern,47.0505452,8.3054682,2015-07-11,
luzern,47.0505452,8.3054682,2015-07-12,
luzern,47.0505452,8.3054682,2015-07-13,
luzern,47.0505452,8.3054682,2015-07-14,
luzern,47.0505452,8.3054682,2015-07-15,
luzern,47.0505452,8.3054682,2015-07-16,
luzern,47.0505452,8.3054682,2015-07-17,
luzern,47.0505452,8.3054682,2015-07-18,
luzern,47.0505452,8.3054682,2015-07-19,
luzern,47.0505452,8.3054682,2015-07-20,
luzern,47.0505452,8.3054682,2015-07-21,
luzern,47.0505452,8.3054682,2015-07-22,
luzern,47.0505452,8.3054682,2015-07-23,
luzern,47.0505452,8.3054682,2015-07-24,
luzern,47.0505452,8.3054682,2015-07-25,
luzern,47.0505452,8.3054682,2015-07-26,
luzern,47.0505452,8.3054682,2015-07-27,
luzern,47.0505452,8.3054682,2015-07-28,
luzern,47.0505452,8.3054682,2015-07-29,
luzern,47.0505452,8.3054682,2015-07-30,
luzern,47.0505452,8.3054682,2015-07-31,
luzern,47.0505452,8.3054682,2015-08-01,
luzern,47.0505452,8.3054682,2015-08-02,
luzern,47.0505452,8.3054682,2015-08-03,
luzern,47.0505452,8.3054682,2015-08-04,
luzern,47.0505452,8.3054682,2015-08-05,
luzern,47.0505452,8.3054682,2015-08-06,
luzern,47.0505452,8.3054682,2015-08-07,
luzern,47.0505452,8.3054682,2015-08-08,
luzern,47.0505452,8.3054682,2015-08-09,
luzern,47.0505452,8.3054682,2015-08-10,
luzern,47.0505452,8.3054682,2015-08-11,
luzern,47.0505452,8.3054682,2015-08-12,
luzern,47.0505452,8.3054682,2015-08-13,
luzern,47.0505452,8.3054682,2015-08-14,
luzern,47.0505452,8.3054682,2015-08-15,
luzern,47.0505452,8.3054682,2015-08-16,
luzern,47.0505452,8.3054682,2015-08-17,
luzern,47.0505452,8.3054682,2015-08-18,
luzern,47.0505452,8.3054682,2015-08-19,
luzern,47.0505452,8.3054682,2015-08-20,
luzern,47.0505452,8.3054682,2015-08-21,
luzern,47.0505452,8.3054682,2015-08-22,
luzern,47.0505452,8.3054682,2015-08-23,
luzern,47.0505452,8.3054682,2015-08-24,
luzern,47.0505452,8.3054682,2015-08-25,
luzern,47.0505452,8.3054682,2015-08-26,
luzern,47.0505452,8.3054682,2015-08-27,
luzern,47.0505452,8.3054682,2015-08-28,
luzern,47.0505452,8.3054682,2015-08-29,
luzern,47.0505452,8.3054682,2015-08-30,
luzern,47.0505452,8.3054682,2015-08-31,
luzern,47.0505452,8.3054682,2015-09-01,
luzern,47.0505452,8.3054682,2015-09-02,
luzern,47.0505452,8.3054682,2015-09-03,
luzern,47.0505452,8.3054682,2015-09-04,
luzern,47.0505452,8.3054682,2015-09-05,
luzern,47.0505452,8.3054682,2015-09-06,
luzern,47.0505452,8.3054682,2015-09-07,
luzern,47.0505452,8.3054682,2015-09-08,
luzern,47.0505452,8.3054682,2015-09-09,
luzern,47.0505452,8.3054682,2015-09-10,
luzern,47.0505452,8.3054682,2015-09-11,
luzern,47.0505452,8.3054682,2015-09-12,
luzern,47.0505452,8.3054682,2015-09-13,
luzern,47.0505452,8.3054682,2015-09-14,
luzern,47.0505452,8.3054682,2015-09-15,
luzern,47.0505452,8.3054682,2015-09-16,
luzern,47.0505452,8.3054682,2015-09-17,
luzern,47.0505452,8.3054682,2015-09-18,
luzern,47.0505452,8.3054682,2015-09-19,
luzern,47.0505452,8.3054682,2015-09-20,
luzern,47.0505452,8.3054682,2015-09-21,
luzern,47.0505452,8.3054682,2015-09-22,
luzern,47.0505452,8.3054682,2015-09-23,
luzern,47.0505452,8.3054682,2015-09-24,
luzern,47.0505452,8.3054682,2015-09-25,
luzern,47.0505452,8.3054682,2015-09-26,
luzern,47.0505452,8.3054682,2015-09-27,
luzern,47.0505452,8.3054682,2015-09-28,
luzern,47.0505452,8.3054682,2015-09-29,
luzern,47.0505452,8.3054682,2015-09-30,
luzern,47.0505452,8.3054682,2015-10-01,
luzern,47.0505452,8.3054682,2015-10-02,
luzern,47.0505452,8.3054682,2015-10-03,
luzern,47.0505452,8.3054682,2015-10-04,
luzern,47.0505452,8.3054682,2015-10-05,
luzern,47.0505452,8.3054682,2015-10-06,
luzern,47.0505452,8.3054682,2015-10-07,
luzern,47.0505452,8.3054682,2015-10-08,
luzern,47.0505452,8.3054682,2015-10-09,
luzern,47.0505452,8.3054682,2015-10-10,
luzern,47.0505452,8.3054682,2015-10-11,
luzern,47.0505452,8.3054682,2015-10-12,
luzern,47.0505452,8.3054682,2015-10-13,
luzern,47.0505452,8.3054682,2015-10-14,
luzern,47.0505452,8.3054682,2015-10-15,
luzern,47.0505452,8.3054682,2015-10-16,
luzern,47.0505452,8.3054682,2015-10-17,
luzern,47.0505452,8.3054682,2015-10-18,
luzern,47.0505452,8.3054682,2015-10-19,
luzern,47.0505452,8.3054682,2015-10-20,
luzern,47.0505452,8.3054682,2015-10-21,
luzern,47.0505452,8.3054682,2015-10-22,
luzern,47.0505452,8.3054682,2015-10-23,
luzern,47.0505452,8.3054682,2015-10-24,
luzern,47.0505452,8.3054682,2015-10-25,
luzern,47.0505452,8.3054682,2015-10-26,
luzern,47.0505452,8.3054682,2015-10-27,
luzern,47.0505452,8.3054682,2015-10-28,
luzern,47.0505452,8.3054682,2015-10-29,
luzern,47.0505452,8.3054682,2015-10-30,
luzern,47.0505452,8.3054682,2015-10-31,
luzern,47.0505452,8.3054682,2015-11-01,
luzern,47.0505452,8.3054682,2015-11-02,
luzern,47.0505452,8.3054682,2015-11-03,
luzern,47.0505452,8.3054682,2015-11-04,
luzern,47.0505452,8.3054682,2015-11-05,
luzern,47.0505452,8.3054682,2015-11-06,
luzern,47.0505452,8.3054682,2015-11-07,
luzern,47.0505452,8.3054682,2015-11-08,
luzern,47.0505452,8.3054682,2015-11-09,
luzern,47.0505452,8.3054682,2015-11-10,
luzern,47.0505452,8.3054682,2015-11-11,
luzern,47.0505452,8.3054682,2015-11-12,
luzern,47.0505452,8.3054682,2015-11-13,
luzern,47.0505452,8.3054682,2015-11-14,
luzern,47.0505452,8.3054682,2015-11-15,
luzern,47.0505452,8.3054682,2015-11-16,
luzern,47.0505452,8.3054682,2015-11-17,
luzern,47.0505452,8.3054682,2015-11-18,
luzern,47.0505452,8.3054682,2015-11-19,
luzern,47.0505452,8.3054682,2015-11-20,
luzern,47.0505452,8.3054682,2015-11-21,
luzern,47.0505452,8.3054682,2015-11-22,
luzern,47.0505452,8.3054682,2015-11-23,
luzern,47.0505452,8.3054682,2015-11-24,
luzern,47.0505452,8.3054682,2015-11-25,
luzern,47.0505452,8.3054682,2015-11-26,
luzern,47.0505452,8.3054682,2015-11-27,
luzern,47.0505452,8.3054682,2015-11-28,
luzern,47.0505452,8.3054682,2015-11-29,
luzern,47.0505452,8.3054682,2015-11-30,
luzern,47.0505452,8.3054682,2015-12-01,
luzern,47.0505452,8.3054682,2015-12-02,
luzern,47.0505452,8.3054682,2015-12-03,
luzern,47.0505452,8.3054682,2015-12-04,
luzern,47.0505452,8.3054682,2015-12-05,
luzern,47.0505452,8.3054682,2015-12-06,
luzern,47.0505452,8.3054682,2015-12-07,
luzern,47.0505452,8.3054682,2015-12-08,
luzern,47.0505452,8.3054682,2015-12-09,
luzern,47.0505452,8.3054682,2015-12-10,
luzern,47.0505452,8.3054682,2015-12-11,
luzern,47.0505452,8.3054682,2015-12-12,
luzern,47.0505452,8.3054682,2015-12-13,
luzern,47.0505452,8.3054682,2015-12-14,
luzern,47.0505452,8.3054682,2015-12-15,
luzern,47.0505452,8.3054682,2015-12-16,
luzern,47.0505452,8.3054682,2015-12-17,
luzern,47.0505452,8.3054682,2015-12-18,
luzern,47.0505452,8.3054682,2015-12-19,
luzern,47.0505452,8.3054682,2015-12-20,
luzern,47.0505452,8.3054682,2015-12-21,
luzern,47.0505452,8.3054682,2015-12-22,
luzern,47.0505452,8.3054682,2015-12-23,
luzern,47.0505452,8.3054682,2015-12-24,
luzern,47.0505452,8.3054682,2015-12-25,
luzern,47.0505452,8.3054682,2015-12-26,
luzern,47.0505452,8.3054682,2015-12-27,
luzern,47.0505452,8.3054682,2015-12-28,
luzern,47.0505452,8.3054682,2015-12-29,
luzern,47.0505452,8.3054682,2015-12-30,
luzern,47.0505452,8.3054682,2015-12-31,
madrid,40.4167047,-3.7035825,2017-11-03,
madrid,40.4167047,-3.7035825,2017-11-04,
madrid,40.4167047,-3.7035825,2017-11-05,
madrid,40.4167047,-3.7035825,2017-11-06,
madrid,40.4167047,-3.7035825,2017-11-07,
madrid,40.4167047,-3.7035825,2017-11-08,
madrid,40.4167047,-3.7035825,2017-11-09,
madrid,40.4167047,-3.7035825,2017-11-10,
madrid,40.4167047,-3.7035825,2017-11-11,
madrid,40.4167047,-3.7035825,2016-12-12,
madrid,40.4167047,-3.7035825,2016-12-13,
madrid,40.4167047,-3.7035825,2016-12-14,
madrid,40.4167047,-3.7035825,2016-12-15,
madrid,40.4167047,-3.7035825,2016-12-16,
madrid,40.4167047,-3.7035825,2016-08-29,
madrid,40.4167047,-3.7035825,2016-08-30,
madrid,40.4167047,-3.7035825,2017-10-30,
madrid,40.4167047,-3.7035825,2016-08-31,
madrid,40.4167047,-3.7035825,2017-10-31,
madrid,40.4167047,-3.7035825,2017-10-29,
manchester,53.4794892,-2.2451148,2017-09-29,
manchester,53.4794892,-2.2451148,2017-09-30,
manchester,53.4794892,-2.2451148,2017-09-27,
manchester,53.4794892,-2.2451148,2017-09-28,
manchester,53.4794892,-2.2451148,2017-09-08,
manchester,53.4794892,-2.2451148,2017-09-10,
manchester,53.4794892,-2.2451148,2017-09-11,
manchester,53.4794892,-2.2451148,2017-09-12,
manchester,53.4794892,-2.2451148,2017-09-13,
manchester,53.4794892,-2.2451148,2017-09-09,
manchester,53.4794892,-2.2451148,2017-09-14,
manchester,53.4794892,-2.2451148,2017-09-15,
manchester,53.4794892,-2.2451148,2017-09-16,
manchester,53.4794892,-2.2451148,2017-10-01,
manchester,53.4794892,-2.2451148,2017-09-17,
manchester,53.4794892,-2.2451148,2017-09-18,
manchester,53.4794892,-2.2451148,2017-09-20,
manchester,53.4794892,-2.2451148,2017-09-22,
manchester,53.4794892,-2.2451148,2017-09-23,
manchester,53.4794892,-2.2451148,2017-09-24,
manchester,53.4794892,-2.2451148,2017-09-25,
manchester,53.4794892,-2.2451148,2017-09-26,
manchester,53.4794892,-2.2451148,2017-11-13,
manchester,53.4794892,-2.2451148,2017-11-14,
manchester,53.4794892,-2.2451148,2017-11-15,
manchester,53.4794892,-2.2451148,2017-11-16,
manchester,53.4794892,-2.2451148,2017-11-17,
manchester,53.4794892,-2.2451148,2017-11-18,
marseille,43.2961743,5.3699525,2017-06-01,
marseille,43.2961743,5.3699525,2017-06-02,
marseille,43.2961743,5.3699525,2017-06-03,
marseille,43.2961743,5.3699525,2017-06-04,
marseille,43.2961743,5.3699525,2017-06-05,
marseille,43.2961743,5.3699525,2017-06-06,
marseille,43.2961743,5.3699525,2017-06-07,
marseille,43.2961743,5.3699525,2017-06-08,
marseille,43.2961743,5.3699525,2017-06-09,
marseille,43.2961743,5.3699525,2017-06-10,
marseille,43.2961743,5.3699525,2017-06-11,
marseille,43.2961743,5.3699525,2017-06-12,
marseille,43.2961743,5.3699525,2017-06-13,
marseille,43.2961743,5.3699525,2017-06-14,
marseille,43.2961743,5.3699525,2017-06-15,
marseille,43.2961743,5.3699525,2017-06-16,
marseille,43.2961743,5.3699525,2017-06-17,
marseille,43.2961743,5.3699525,2017-06-18,
marseille,43.2961743,5.3699525,2017-06-19,
marseille,43.2961743,5.3699525,2017-06-20,
marseille,43.2961743,5.3699525,2017-06-21,
marseille,43.2961743,5.3699525,2017-06-22,
marseille,43.2961743,5.3699525,2017-06-23,
marseille,43.2961743,5.3699525,2017-06-24,
marseille,43.2961743,5.3699525,2017-06-25,
marseille,43.2961743,5.3699525,2017-06-26,
marseille,43.2961743,5.3699525,2017-06-27,
marseille,43.2961743,5.3699525,2017-06-28,
marseille,43.2961743,5.3699525,2017-06-29,
marseille,43.2961743,5.3699525,2017-06-30,
marseille,43.2961743,5.3699525,2017-07-01,
melbourne,-37.8142454,144.9631732,2018-02-12,
melbourne,-37.8142454,144.9631732,2018-02-13,
melbourne,-37.8142454,144.9631732,2018-02-14,
melbourne,-37.8142454,144.9631732,2018-02-15,
melbourne,-37.8142454,144.9631732,2018-02-16,
melbourne,-37.8142454,144.9631732,2018-02-17,
melbourne,-37.8142454,144.9631732,2018-02-18,
melbourne,-37.8142454,144.9631732,2018-02-19,
melbourne,-37.8142454,144.9631732,2018-02-20,
melbourne,-37.8142454,144.9631732,2018-02-21,
melbourne,-37.8142454,144.9631732,2018-02-22,
melbourne,-37.8142454,144.9631732,2018-02-23,
melbourne,-37.8142454,144.9631732,2018-02-24,
melbourne,-37.8142454,144.9631732,2018-02-25,
melbourne,-37.8142454,144.9631732,2018-02-26,
munich,48.1371079,11.5753822,2017-02-14,
paris,48.8534951,2.3483915,2016-01-01,
paris,48.8534951,2.3483915,2016-02-01,
paris,48.8534951,2.3483915,2016-03-01,
paris,48.8534951,2.3483915,2016-04-01,
paris,48.8534951,2.3483915,2016-05-01,
paris,48.8534951,2.3483915,2016-06-01,
paris,48.8534951,2.3483915,2016-07-01,
paris,48.8534951,2.3483915,2016-08-01,
paris,48.8534951,2.3483915,2016-09-01,
paris,48.8534951,2.3483915,2016-10-01,
paris,48.8534951,2.3483915,2016-11-01,
paris,48.8534951,2.3483915,2016-12-01,
paris,48.8534951,2.3483915,2016-01-02,
paris,48.8534951,2.3483915,2016-02-02,
paris,48.8534951,2.3483915,2016-03-02,
paris,48.8534951,2.3483915,2016-04-02,
paris,48.8534951,2.3483915,2016-05-02,
paris,48.8534951,2.3483915,2016-06-02,
paris,48.8534951,2.3483915,2016-07-02,
paris,48.8534951,2.3483915,2016-08-02,
paris,48.8534951,2.3483915,2016-09-02,
paris,48.8534951,2.3483915,2016-10-02,
paris,48.8534951,2.3483915,2016-11-02,
paris,48.8534951,2.3483915,2016-01-03,
paris,48.8534951,2.3483915,2016-02-03,
paris,48.8534951,2.3483915,2016-03-03,
paris,48.8534951,2.3483915,2016-04-03,
paris,48.8534951,2.3483915,2016-05-03,
paris,48.8534951,2.3483915,2016-06-03,
paris,48.8534951,2.3483915,2016-07-03,
paris,48.8534951,2.3483915,2016-08-03,
paris,48.8534951,2.3483915,2016-09-03,
paris,48.8534951,2.3483915,2016-10-03,
paris,48.8534951,2.3483915,2016-11-03,
paris,48.8534951,2.3483915,2016-01-04,
paris,48.8534951,2.3483915,2016-02-04,
paris,48.8534951,2.3483915,2016-03-04,
paris,48.8534951,2.3483915,2016-04-04,
paris,48.8534951,2.3483915,2016-05-04,
paris,48.8534951,2.3483915,2016-06-04,
paris,48.8534951,2.3483915,2016-07-04,
paris,48.8534951,2.3483915,2016-08-04,
paris,48.8534951,2.3483915,2016-09-04,
paris,48.8534951,2.3483915,2016-10-04,
paris,48.8534951,2.3483915,2016-11-04,
paris,48.8534951,2.3483915,2016-01-05,
paris,48.8534951,2.3483915,2016-02-05,
paris,48.8534951,2.3483915,2016-03-05,
paris,48.8534951,2.3483915,2016-04-05,
paris,48.8534951,2.3483915,2016-05-05,
paris,48.8534951,2.3483915,2016-06-05,
paris,48.8534951,2.3483915,2016-07-05,
paris,48.8534951,2.3483915,2016-08-05,
paris,48.8534951,2.3483915,2016-09-05,
paris,48.8534951,2.3483915,2016-10-05,
paris,48.8534951,2.3483915,2016-11-05,
paris,48.8534951,2.3483915,2016-01-06,
paris,48.8534951,2.3483915,2016-02-06,
paris,48.8534951,2.3483915,2016-03-06,
paris,48.8534951,2.3483915,2016-04-06,
paris,48.8534951,2.3483915,2016-05-06,
paris,48.8534951,2.3483915,2016-06-06,
paris,48.8534951,2.3483915,2016-07-06,
paris,48.8534951,2.3483915,2016-08-06,
paris,48.8534951,2.3483915,2016-09-06,
paris,48.8534951,2.3483915,2016-10-06,
paris,48.8534951,2.3483915,2016-11-06,
paris,48.8534951,2.3483915,2016-01-07,
paris,48.8534951,2.3483915,2016-02-07,
paris,48.8534951,2.3483915,2016-03-07,
paris,48.8534951,2.3483915,2016-04-07,
paris,48.8534951,2.3483915,2016-05-07,
paris,48.8534951,2.3483915,2016-06-07,
paris,48.8534951,2.3483915,2016-07-07,
paris,48.8534951,2.3483915,2016-08-07,
paris,48.8534951,2.3483915,2016-09-07,
paris,48.8534951,2.3483915,2016-10-07,
paris,48.8534951,2.3483915,2016-11-07,
paris,48.8534951,2.3483915,2016-01-08,
paris,48.8534951,2.3483915,2016-02-08,
paris,48.8534951,2.3483915,2016-03-08,
paris,48.8534951,2.3483915,2016-04-08,
paris,48.8534951,2.3483915,2016-05-08,
paris,48.8534951,2.3483915,2016-06-08,
paris,48.8534951,2.3483915,2016-07-08,
paris,48.8534951,2.3483915,2016-08-08,
paris,48.8534951,2.3483915,2016-09-08,
paris,48.8534951,2.3483915,2016-10-08,
paris,48.8534951,2.3483915,2016-11-08,
paris,48.8534951,2.3483915,2016-01-09,
paris,48.8534951,2.3483915,2016-02-09,
paris,48.8534951,2.3483915,2016-03-09,
paris,48.8534951,2.3483915,2016-04-09,
paris,48.8534951,2.3483915,2016-05-09,
paris,48.8534951,2.3483915,2016-06-09,
paris,48.8534951,2.3483915,2016-07-09,
paris,48.8534951,2.3483915,2016-08-09,
paris,48.8534951,2.3483915,2016-09-09,
paris,48.8534951,2.3483915,2016-10-09,
paris,48.8534951,2.3483915,2016-11-09,
paris,48.8534951,2.3483915,2016-01-10,
paris,48.8534951,2.3483915,2016-02-10,
paris,48.8534951,2.3483915,2016-03-10,
paris,48.8534951,2.3483915,2016-04-10,
paris,48.8534951,2.3483915,2016-05-10,
paris,48.8534951,2.3483915,2016-06-10,
paris,48.8534951,2.3483915,2016-07-10,
paris,48.8534951,2.3483915,2016-08-10,
paris,48.8534951,2.3483915,2016-09-10,
paris,48.8534951,2.3483915,2016-10-10,
paris,48.8534951,2.3483915,2016-11-10,
paris,48.8534951,2.3483915,2016-01-11,
paris,48.8534951,2.3483915,2016-02-11,
paris,48.8534951,2.3483915,2016-03-11,
paris,48.8534951,2.3483915,2016-04-11,
paris,48.8534951,2.3483915,2016-05-11,
paris,48.8534951,2.3483915,2016-06-11,
paris,48.8534951,2.3483915,2016-07-11,
paris,48.8534951,2.3483915,2016-08-11,
paris,48.8534951,2.3483915,2016-09-11,
paris,48.8534951,2.3483915,2016-10-11,
paris,48.8534951,2.3483915,2016-11-11,
paris,48.8534951,2.3483915,2016-01-12,
paris,48.8534951,2.3483915,2016-02-12,
paris,48.8534951,2.3483915,2016-03-12,
paris,48.8534951,2.3483915,2016-04-12,
paris,48.8534951,2.3483915,2016-05-12,
paris,48.8534951,2.3483915,2016-06-12,
paris,48.8534951,2.3483915,2016-07-12,
paris,48.8534951,2.3483915,2016-08-12,
paris,48.8534951,2.3483915,2016-09-12,
paris,48.8534951,2.3483915,2016-10-12,
paris,48.8534951,2.3483915,2016-11-12,
paris,48.8534951,2.3483915,2016-01-13,
paris,48.8534951,2.3483915,2016-02-13,
paris,48.8534951,2.3483915,2016-03-13,
paris,48.8534951,2.3483915,2016-04-13,
paris,48.8534951,2.3483915,2016-05-13,
paris,48.8534951,2.3483915,2016-06-13,
paris,48.8534951,2.3483915,2016-07-13,
paris,48.8534951,2.3483915,2016-08-13,
paris,48.8534951,2.3483915,2016-09-13,
paris,48.8534951,2.3483915,2016-10-13,
paris,48.8534951,2.3483915,2016-11-13,
paris,48.8534951,2.3483915,2016-01-14,
paris,48.8534951,2.3483915,2016-02-14,
paris,48.8534951,2.3483915,2016-03-14,
paris,48.8534951,2.3483915,2016-04-14,
paris,48.8534951,2.3483915,2016-05-14,
paris,48.8534951,2.3483915,2016-06-14,
paris,48.8534951,2.3483915,2016-07-14,
paris,48.8534951,2.3483915,2016-08-14,
paris,48.8534951,2.3483915,2016-09-14,
paris,48.8534951,2.3483915,2016-10-14,
paris,48.8534951,2.3483915,2016-11-14,
paris,48.8534951,2.3483915,2016-01-15,
paris,48.8534951,2.3483915,2016-02-15,
paris,48.8534951,2.3483915,2016-03-15,
paris,48.8534951,2.3483915,2016-04-15,
paris,48.8534951,2.3483915,2016-05-15,
paris,48.8534951,2.3483915,2016-06-15,
paris,48.8534951,2.3483915,2016-07-15,
paris,48.8534951,2.3483915,2016-08-15,
paris,48.8534951,2.3483915,2016-09-15,
paris,48.8534951,2.3483915,2016-10-15,
paris,48.8534951,2.3483915,2016-11-15,
paris,48.8534951,2.3483915,2016-01-16,
paris,48.8534951,2.3483915,2016-02-16,
paris,48.8534951,2.3483915,2016-03-16,
paris,48.8534951,2.3483915,2016-04-16,
paris,48.8534951,2.3483915,2016-05-16,
paris,48.8534951,2.3483915,2016-06-16,
paris,48.8534951,2.3483915,2016-07-16,
paris,48.8534951,2.3483915,2016-08-16,
paris,48.8534951,2.3483915,2016-09-16,
paris,48.8534951,2.3483915,2016-10-16,
paris,48.8534951,2.3483915,2016-11-16,
paris,48.8534951,2.3483915,2016-01-17,
paris,48.8534951,2.3483915,2016-02-17,
paris,48.8534951,2.3483915,2016-03-17,
paris,48.8534951,2.3483915,2016-04-17,
paris,48.8534951,2.3483915,2016-05-17,
paris,48.8534951,2.3483915,2016-06-17,
paris,48.8534951,2.3483915,2016-07-17,
paris,48.8534951,2.3483915,2016-08-17,
paris,48.8534951,2.3483915,2016-09-17,
paris,48.8534951,2.3483915,2016-10-17,
paris,48.8534951,2.3483915,2016-11-17,
paris,48.8534951,2.3483915,2016-01-18,
paris,48.8534951,2.3483915,2016-02-18,
paris,48.8534951,2.3483915,2016-03-18,
paris,48.8534951,2.3483915,2016-04-18,
paris,48.8534951,2.3483915,2016-05-18,
paris,48.8534951,2.3483915,2016-06-18,
paris,48.8534951,2.3483915,2016-07-18,
paris,48.8534951,2.3483915,2016-08-18,
paris,48.8534951,2.3483915,2016-09-18,
paris,48.8534951,2.3483915,2016-10-18,
paris,48.8534951,2.3483915,2016-11-18,
paris,48.8534951,2.3483915,2016-01-19,
paris,48.8534951,2.3483915,2016-02-19,
paris,48.8534951,2.3483915,2016-03-19,
paris,48.8534951,2.3483915,2016-04-19,
paris,48.8534951,2.3483915,2016-05-19,
paris,48.8534951,2.3483915,2016-06-19,
paris,48.8534951,2.3483915,2016-07-19,
paris,48.8534951,2.3483915,2016-08-19,
paris,48.8534951,2.3483915,2016-09-19,
paris,48.8534951,2.3483915,2016-10-19,
paris,48.8534951,2.3483915,2016-11-19,
paris,48.8534951,2.3483915,2016-01-20,
paris,48.8534951,2.3483915,2016-02-20,
paris,48.8534951,2.3483915,2016-03-20,
paris,48.8534951,2.3483915,2016-04-20,
paris,48.8534951,2.3483915,2016-05-20,
paris,48.8534951,2.3483915,2016-06-20,
paris,48.8534951,2.3483915,2016-07-20,
paris,48.8534951,2.3483915,2016-08-20,
paris,48.8534951,2.3483915,2016-09-20,
paris,48.8534951,2.3483915,2016-10-20,
paris,48.8534951,2.3483915,2016-11-20,
paris,48.8534951,2.3483915,2016-01-21,
paris,48.8534951,2.3483915,2016-02-21,
paris,48.8534951,2.3483915,2016-03-21,
paris,48.8534951,2.3483915,2016-04-21,
paris,48.8534951,2.3483915,2016-05-21,
paris,48.8534951,2.3483915,2016-06-21,
paris,48.8534951,2.3483915,2016-07-21,
paris,48.8534951,2.3483915,2016-08-21,
paris,48.8534951,2.3483915,2016-09-21,
paris,48.8534951,2.3483915,2016-10-21,
paris,48.8534951,2.3483915,2016-11-21,
paris,48.8534951,2.3483915,2016-01-22,
paris,48.8534951,2.3483915,2016-02-22,
paris,48.8534951,2.3483915,2016-03-22,
paris,48.8534951,2.3483915,2016-04-22,
paris,48.8534951,2.3483915,2016-05-22,
paris,48.8534951,2.3483915,2016-06-22,
paris,48.8534951,2.3483915,2016-07-22,
paris,48.8534951,2.3483915,2016-08-22,
paris,48.8534951,2.3483915,2016-09-22,
paris,48.8534951,2.3483915,2016-10-22,
paris,48.8534951,2.3483915,2016-11-22,
paris,48.8534951,2.3483915,2016-01-23,
paris,48.8534951,2.3483915,2016-02-23,
paris,48.8534951,2.3483915,2016-03-23,
paris,48.8534951,2.3483915,2016-04-23,
paris,48.8534951,2.3483915,2016-05-23,
paris,48.8534951,2.3483915,2016-06-23,
paris,48.8534951,2.3483915,2016-07-23,
paris,48.8534951,2.3483915,2016-08-23,
paris,48.8534951,2.3483915,2016-09-23,
paris,48.8534951,2.3483915,2016-10-23,
paris,48.8534951,2.3483915,2016-11-23,
paris,48.8534951,2.3483915,2016-01-24,
paris,48.8534951,2.3483915,2016-02-24,
paris,48.8534951,2.3483915,2016-03-24,
paris,48.8534951,2.3483915,2016-04-24,
paris,48.8534951,2.3483915,2016-05-24,
paris,48.8534951,2.3483915,2016-06-24,
paris,48.8534951,2.3483915,2016-07-24,
paris,48.8534951,2.3483915,2016-08-24,
paris,48.8534951,2.3483915,2016-09-24,
paris,48.8534951,2.3483915,2016-10-24,
paris,48.8534951,2.3483915,2016-11-24,
paris,48.8534951,2.3483915,2016-01-25,
paris,48.8534951,2.3483915,2016-02-25,
paris,48.8534951,2.3483915,2016-03-25,
paris,48.8534951,2.3483915,2016-04-25,
paris,48.8534951,2.3483915,2016-05-25,
paris,48.8534951,2.3483915,2016-06-25,
paris,48.8534951,2.3483915,2016-07-25,
paris,48.8534951,2.3483915,2016-08-25,
paris,48.8534951,2.3483915,2016-09-25,
paris,48.8534951,2.3483915,2016-10-25,
paris,48.8534951,2.3483915,2016-11-25,
paris,48.8534951,2.3483915,2016-01-26,
paris,48.8534951,2.3483915,2016-02-26,
paris,48.8534951,2.3483915,2016-03-26,
paris,48.8534951,2.3483915,2016-04-26,
paris,48.8534951,2.3483915,2016-05-26,
paris,48.8534951,2.3483915,2016-06-26,
paris,48.8534951,2.3483915,2016-07-26,
paris,48.8534951,2.3483915,2016-08-26,
paris,48.8534951,2.3483915,2016-09-26,
paris,48.8534951,2.3483915,2016-10-26,
paris,48.8534951,2.3483915,2016-11-26,
paris,48.8534951,2.3483915,2016-01-27,
paris,48.8534951,2.3483915,2016-02-27,
paris,48.8534951,2.3483915,2016-03-27,
paris,48.8534951,2.3483915,2016-04-27,
paris,48.8534951,2.3483915,2016-05-27,
paris,48.8534951,2.3483915,2016-06-27,
paris,48.8534951,2.3483915,2016-07-27,
paris,48.8534951,2.3483915,2016-08-27,
paris,48.8534951,2.3483915,2016-09-27,
paris,48.8534951,2.3483915,2016-10-27,
paris,48.8534951,2.3483915,2016-11-27,
paris,48.8534951,2.3483915,2016-01-28,
paris,48.8534951,2.3483915,2016-02-28,
paris,48.8534951,2.3483915,2016-03-28,
paris,48.8534951,2.3483915,2016-04-28,
paris,48.8534951,2.3483915,2016-05-28,
paris,48.8534951,2.3483915,2016-06-28,
paris,48.8534951,2.3483915,2016-07-28,
paris,48.8534951,2.3483915,2016-08-28,
paris,48.8534951,2.3483915,2016-09-28,
paris,48.8534951,2.3483915,2016-10-28,
paris,48.8534951,2.3483915,2016-11-28,
paris,48.8534951,2.3483915,2016-01-29,
paris,48.8534951,2.3483915,2016-02-29,
paris,48.8534951,2.3483915,2016-03-29,
paris,48.8534951,2.3483915,2016-04-29,
paris,48.8534951,2.3483915,2016-05-29,
paris,48.8534951,2.3483915,2016-06-29,
paris,48.8534951,2.3483915,2016-07-29,
paris,48.8534951,2.3483915,2016-08-29,
paris,48.8534951,2.3483915,2016-09-29,
paris,48.8534951,2.3483915,2016-10-29,
paris,48.8534951,2.3483915,2016-11-29,
paris,48.8534951,2.3483915,2016-01-30,
paris,48.8534951,2.3483915,2016-03-30,
paris,48.8534951,2.3483915,2016-04-30,
paris,48.8534951,2.3483915,2016-05-30,
paris,48.8534951,2.3483915,2016-06-30,
paris,48.8534951,2.3483915,2016-07-30,
paris,48.8534951,2.3483915,2016-08-30,
paris,48.8534951,2.3483915,2016-09-30,
paris,48.8534951,2.3483915,2016-10-30,
paris,48.8534951,2.3483915,2016-11-30,
paris,48.8534951,2.3483915,2016-01-31,
paris,48.8534951,2.3483915,2016-03-31,
paris,48.8534951,2.3483915,2016-05-31,
paris,48.8534951,2.3483915,2016-07-31,
paris,48.8534951,2.3483915,2016-08-31,
paris,48.8534951,2.3483915,2016-10-31,
rotterdam,51.9244424,4.47775,2017-09-21,
rotterdam,51.9244424,4.47775,2017-10-06,
rotterdam,51.9244424,4.47775,2017-10-30,
rotterdam,51.9244424,4.47775,2017-10-31,
rotterdam,51.9244424,4.47775,2017-11-01,
rotterdam,51.9244424,4.47775,2017-11-02,
santander,43.4620412,-3.8099719,2016-12-01,
santander,43.4620412,-3.8099719,2016-12-02,
santander,43.4620412,-3.8099719,2016-08-08,
santander,43.4620412,-3.8099719,2016-08-09,
santander,43.4620412,-3.8099719,2016-09-12,
santander,43.4620412,-3.8099719,2016-09-13,
santander,43.4620412,-3.8099719,2016-06-17,
santander,43.4620412,-3.8099719,2016-06-18,
santander,43.4620412,-3.8099719,2016-06-19,
santander,43.4620412,-3.8099719,2016-06-20,
santander,43.4620412,-3.8099719,2016-11-30,
speyer,49.3165553,8.433615,2016-09-19,
speyer,49.3165553,8.433615,2016-09-20,
speyer,49.3165553,8.433615,2016-09-21,
speyer,49.3165553,8.433615,2016-09-22,
speyer,49.3165553,8.433615,2016-09-23,
speyer,49.3165553,8.433615,2016-09-24,
speyer,49.3165553,8.433615,2016-09-25,
speyer,49.3165553,8.433615,2016-09-26,
speyer,49.3165553,8.433615,2016-09-27,
speyer,49.3165553,8.433615,2016-09-28,
speyer,49.3165553,8.433615,2016-09-29,
speyer,49.3165553,8.433615,2016-09-30,
speyer,49.3165553,8.433615,2016-10-01,
speyer,49.3165553,8.433615,2016-10-02,
strasbourg,48.584614,7.7507127,2017-05-10,
strasbourg,48.584614,7.7507127,2017-05-11,
strasbourg,48.584614,7.7507127,2017-05-12,
strasbourg,48.584614,7.7507127,2017-05-13,
strasbourg,48.584614,7.7507127,2017-05-14,
strasbourg,48.584614,7.7507127,2017-05-15,
strasbourg,48.584614,7.7507127,2017-05-16,
strasbourg,48.584614,7.7507127,2017-05-17,
strasbourg,48.584614,7.7507127,2017-05-18,
strasbourg,48.584614,7.7507127,2017-05-19,
strasbourg,48.584614,7.7507127,2017-05-20,
strasbourg,48.584614,7.7507127,2017-05-21,
strasbourg,48.584614,7.7507127,2017-11-01,
strasbourg,48.584614,7.7507127,2017-11-02,
strasbourg,48.584614,7.7507127,2017-11-03,
strasbourg,48.584614,7.7507127,2017-10-29,
strasbourg,48.584614,7.7507127,2017-10-30,
strasbourg,48.584614,7.7507127,2017-10-31,
strasbourg,48.584614,7.7507127,2017-11-05,
strasbourg,48.584614,7.7507127,2017-11-06,
strasbourg,48.584614,7.7507127,2017-11-07,
strasbourg,48.584614,7.7507127,2017-11-08,
strasbourg,48.584614,7.7507127,2017-11-09,
strasbourg,48.584614,7.7507127,2017-11-10,
strasbourg,48.584614,7.7507127,2017-11-11,
stuttgart,48.7784485,9.1800132,2016-07-18,
stuttgart,48.7784485,9.1800132,2016-07-19,
stuttgart,48.7784485,9.1800132,2016-07-20,
stuttgart,48.7784485,9.1800132,2016-03-21,
stuttgart,48.7784485,9.1800132,2016-07-21,
stuttgart,48.7784485,9.1800132,2016-03-22,
stuttgart,48.7784485,9.1800132,2016-07-22,
stuttgart,48.7784485,9.1800132,2016-03-23,
taipeh,25.0375198,121.5636796,2017-09-18,
taipeh,25.0375198,121.5636796,2017-09-19,
taipeh,25.0375198,121.5636796,2017-09-20,
taipeh,25.0375198,121.5636796,2017-09-21,
taipeh,25.0375198,121.5636796,2017-09-22,
taipeh,25.0375198,121.5636796,2017-09-23,
taipeh,25.0375198,121.5636796,2017-09-24,
taipeh,25.0375198,121.5636796,2017-09-25,
taipeh,25.0375198,121.5636796,2017-09-26,
taipeh,25.0375198,121.5636796,2017-09-27,
taipeh,25.0375198,121.5636796,2017-09-28,
taipeh,25.0375198,121.5636796,2017-09-29,
taipeh,25.0375198,121.5636796,2017-09-30,
taipeh,25.0375198,121.5636796,2017-10-01,
torino,45.0677551,7.6824892,2016-09-26,
torino,45.0677551,7.6824892,2016-09-27,
torino,45.0677551,7.6824892,2016-09-28,
torino,45.0677551,7.6824892,2016-09-29,
torino,45.0677551,7.6824892,2016-09-30,
torino,45.0677551,7.6824892,2016-10-01,
torino,45.0677551,7.6824892,2016-10-02,
torino,45.0677551,7.6824892,2016-10-03,
torino,45.0677551,7.6824892,2016-10-04,
torino,45.0677551,7.6824892,2016-10-05,
torino,45.0677551,7.6824892,2016-10-06,
torino,45.0677551,7.6824892,2016-10-07,
torino,45.0677551,7.6824892,2016-10-08,
torino,45.0677551,7.6824892,2016-10-09,
torino,45.0677551,7.6824892,2016-10-10,
torino,45.0677551,7.6824892,2016-10-11,
torino,45.0677551,7.6824892,2016-10-12,
torino,45.0677551,7.6824892,2016-10-13,
torino,45.0677551,7.6824892,2016-10-14,
torino,45.0677551,7.6824892,2016-10-15,
torino,45.0677551,7.6824892,2016-10-16,
toronto,43.6534817,-79.3839347,2017-01-01,
toronto,43.6534817,-79.3839347,2017-01-02,
toronto,43.6534817,-79.3839347,2017-01-03,
toronto,43.6534817,-79.3839347,2017-01-04,
toronto,43.6534817,-79.3839347,2017-01-05,
toronto,43.6534817,-79.3839347,2017-01-06,
toronto,43.6534817,-79.3839347,2017-01-07,
toronto,43.6534817,-79.3839347,2017-01-08,
toronto,43.6534817,-79.3839347,2017-01-09,
toronto,43.6534817,-79.3839347,2017-01-10,
toronto,43.6534817,-79.3839347,2017-01-11,
toronto,43.6534817,-79.3839347,2017-01-12,
toronto,43.6534817,-79.3839347,2017-01-13,
toronto,43.6534817,-79.3839347,2017-01-14,
toronto,43.6534817,-79.3839347,2017-01-15,
toronto,43.6534817,-79.3839347,2017-01-16,
toronto,43.6534817,-79.3839347,2017-01-17,
toronto,43.6534817,-79.3839347,2017-01-18,
toronto,43.6534817,-79.3839347,2017-01-19,
toronto,43.6534817,-79.3839347,2017-01-20,
toronto,43.6534817,-79.3839347,2017-01-21,
toronto,43.6534817,-79.3839347,2017-01-22,
toronto,43.6534817,-79.3839347,2017-01-23,
toronto,43.6534817,-79.3839347,2017-01-24,
toronto,43.6534817,-79.3839347,2017-01-25,
toronto,43.6534817,-79.3839347,2017-01-26,
toronto,43.6534817,-79.3839347,2017-01-27,
toronto,43.6534817,-79.3839347,2017-01-28,
toronto,43.6534817,-79.3839347,2017-01-29,
toronto,43.6534817,-79.3839347,2017-01-30,
toronto,43.6534817,-79.3839347,2017-01-31,
toronto,43.6534817,-79.3839347,2016-09-01,
toronto,43.6534817,-79.3839347,2016-09-02,
toronto,43.6534817,-79.3839347,2016-09-03,
toronto,43.6534817,-79.3839347,2016-09-04,
toronto,43.6534817,-79.3839347,2016-09-05,
toronto,43.6534817,-79.3839347,2016-09-06,
toronto,43.6534817,-79.3839347,2016-09-07,
toronto,43.6534817,-79.3839347,2016-09-08,
toronto,43.6534817,-79.3839347,2016-09-09,
toronto,43.6534817,-79.3839347,2016-09-10,
toronto,43.6534817,-79.3839347,2016-09-11,
toronto,43.6534817,-79.3839347,2016-09-12,
toronto,43.6534817,-79.3839347,2016-09-13,
toronto,43.6534817,-79.3839347,2016-09-14,
toronto,43.6534817,-79.3839347,2016-09-15,
toronto,43.6534817,-79.3839347,2016-09-16,
toronto,43.6534817,-79.3839347,2016-09-17,
toronto,43.6534817,-79.3839347,2016-09-18,
toronto,43.6534817,-79.3839347,2016-09-19,
toronto,43.6534817,-79.3839347,2016-09-20,
toronto,43.6534817,-79.3839347,2016-09-21,
toronto,43.6534817,-79.3839347,2016-09-22,
toronto,43.6534817,-79.3839347,2016-09-23,
toronto,43.6534817,-79.3839347,2016-09-24,
toronto,43.6534817,-79.3839347,2016-09-25,
toronto,43.6534817,-79.3839347,2016-09-26,
toronto,43.6534817,-79.3839347,2016-09-27,
toronto,43.6534817,-79.3839347,2016-09-28,
toronto,43.6534817,-79.3839347,2016-09-29,
toronto,43.6534817,-79.3839347,2016-09-30,
toulouse,43.6044622,1.4442469,2008-06-13,
toulouse,43.6044622,1.4442469,2008-06-20,
toulouse,43.6044622,1.4442469,2008-05-30,
toulouse,43.6044622,1.4442469,2008-06-06,
toulouse,43.6044622,1.4442469,2008-05-16,
toulouse,43.6044622,1.4442469,2008-06-27,
toulouse,43.6044622,1.4442469,2008-05-23,
utrecht,52.0907006,5.1215634,2017-06-12,
utrecht,52.0907006,5.1215634,2017-06-13,
utrecht,52.0907006,5.1215634,2017-06-14,
utrecht,52.0907006,5.1215634,2017-06-15,
vilnius,54.6870458,25.2829111,2015-03-17,
wolfsburg,52.4205588,10.7861682,2016-09-19,
wolfsburg,52.4205588,10.7861682,2016-09-20,
wolfsburg,52.4205588,10.7861682,2016-09-21,
wolfsburg,52.4205588,10.7861682,2016-09-22,
wolfsburg,52.4205588,10.7861682,2016-09-23,
wolfsburg,52.4205588,10.7861682,2016-09-24,
wolfsburg,52.4205588,10.7861682,2016-09-25,
wolfsburg,52.4205588,10.7861682,2016-09-26,
wolfsburg,52.4205588,10.7861682,2016-09-27,
wolfsburg,52.4205588,10.7861682,2016-09-28,
wolfsburg,52.4205588,10.7861682,2016-09-29,
wolfsburg,52.4205588,10.7861682,2016-09-30,
wolfsburg,52.4205588,10.7861682,2016-10-01,
wolfsburg,52.4205588,10.7861682,2016-10-02,
zurich,47.3744489,8.5410422,2015-10-26,
zurich,47.3744489,8.5410422,2015-10-27,
zurich,47.3744489,8.5410422,2015-10-28,
zurich,47.3744489,8.5410422,2015-10-29,
zurich,47.3744489,8.5410422,2015-10-30,
zurich,47.3744489,8.5410422,2015-10-31,
zurich,47.3744489,8.5410422,2015-11-01,
